path,model_name,label
./fake/de/facebook_mms-tts-deu/kleine_lord_01_f000094.wav,facebook/mms-tts-deu,0
./fake/hu/facebook_mms-tts-hun/pink_fairy_book_29_f000013.wav,facebook/mms-tts-hun,1
./fake/de/facebook_mms-tts-deu/mein_weg_als_deutscher_und_jude_002_f000190.wav,facebook/mms-tts-deu,0
./fake/hu/facebook_mms-tts-hun/jane_eyre_15_f000087.wav,facebook/mms-tts-hun,1
./fake/de/facebook_mms-tts-deu/odysseus_09_f000144.wav,facebook/mms-tts-deu,0
./fake/de/facebook_mms-tts-deu/caspar_hauser_11_f000040.wav,facebook/mms-tts-deu,0
./fake/de/facebook_mms-tts-deu/zweiplaneten_59_lasswitz_f000131.wav,facebook/mms-tts-deu,0
./fake/hu/facebook_mms-tts-hun/emerald_city_of_oz_17_f000092.wav,facebook/mms-tts-hun,1
./fake/de/facebook_mms-tts-deu/untermbirnbaum_19_f000017.wav,facebook/mms-tts-deu,0
./fake/de/facebook_mms-tts-deu/ferien_vom_ich_015_f000240.wav,facebook/mms-tts-deu,0
./fake/hu/facebook_mms-tts-hun/midnight_passenger_08_f000199.wav,facebook/mms-tts-hun,1
./fake/hu/facebook_mms-tts-hun/jane_eyre_17_f000027.wav,facebook/mms-tts-hun,1
./fake/de/facebook_mms-tts-deu/alter_afrikaner_18_f000122.wav,facebook/mms-tts-deu,0
./fake/de/facebook_mms-tts-deu/caspar_hauser_12_f000162.wav,facebook/mms-tts-deu,0
./fake/hu/facebook_mms-tts-hun/wives_and_daughters_10_f000200.wav,facebook/mms-tts-hun,1
./fake/de/facebook_mms-tts-deu/caspar_hauser_18_f000064.wav,facebook/mms-tts-deu,0
./fake/hu/facebook_mms-tts-hun/pink_fairy_book_32_f000164.wav,facebook/mms-tts-hun,1
./fake/hu/facebook_mms-tts-hun/jane_eyre_31_f000097.wav,facebook/mms-tts-hun,1
./fake/hu/facebook_mms-tts-hun/skyisland_13_baum_64kb_f000022.wav,facebook/mms-tts-hun,1
./fake/hu/facebook_mms-tts-hun/the_sea_fairies_17_f000076.wav,facebook/mms-tts-hun,1
./fake/hu/facebook_mms-tts-hun/wives_and_daughters_26_f000243.wav,facebook/mms-tts-hun,1
./fake/hu/facebook_mms-tts-hun/pink_fairy_book_31_f000061.wav,facebook/mms-tts-hun,1
./fake/hu/facebook_mms-tts-hun/jane_eyre_25_f000261.wav,facebook/mms-tts-hun,1
./fake/hu/facebook_mms-tts-hun/hunters_space_05_f000008.wav,facebook/mms-tts-hun,1
./fake/de/facebook_mms-tts-deu/maedchenvommoorhof_5_f000053.wav,facebook/mms-tts-deu,0
./fake/de/facebook_mms-tts-deu/untermbirnbaum_08_f000033.wav,facebook/mms-tts-deu,0
./fake/de/facebook_mms-tts-deu/spiegel_kaetzchen_04_f000129.wav,facebook/mms-tts-deu,0
./fake/hu/facebook_mms-tts-hun/jane_eyre_26_f000138.wav,facebook/mms-tts-hun,1
./fake/de/facebook_mms-tts-deu/maedchenvommoorhof_8_f000086.wav,facebook/mms-tts-deu,0
./fake/de/facebook_mms-tts-deu/grune_gesicht_13_f000226.wav,facebook/mms-tts-deu,0
./fake/de/facebook_mms-tts-deu/grune_gesicht_11_f000113.wav,facebook/mms-tts-deu,0
./fake/hu/facebook_mms-tts-hun/wives_and_daughters_28_f000187.wav,facebook/mms-tts-hun,1
./fake/hu/facebook_mms-tts-hun/wives_and_daughters_41_f000070.wav,facebook/mms-tts-hun,1
./fake/hu/facebook_mms-tts-hun/midnight_passenger_11_f000241.wav,facebook/mms-tts-hun,1
./fake/de/facebook_mms-tts-deu/caspar_hauser_21_f000109.wav,facebook/mms-tts-deu,0
./fake/hu/facebook_mms-tts-hun/midnight_passenger_03_f000064.wav,facebook/mms-tts-hun,1
./fake/hu/facebook_mms-tts-hun/midnight_passenger_12_f000049.wav,facebook/mms-tts-hun,1
./fake/de/facebook_mms-tts-deu/untermbirnbaum_19_f000084.wav,facebook/mms-tts-deu,0
./fake/hu/facebook_mms-tts-hun/ozma_of_oz_11_f000028.wav,facebook/mms-tts-hun,1
./fake/hu/facebook_mms-tts-hun/silent_bullet_03_f000261.wav,facebook/mms-tts-hun,1
./fake/de/facebook_mms-tts-deu/maerchen_013_f000172.wav,facebook/mms-tts-deu,0
./fake/hu/facebook_mms-tts-hun/wives_and_daughters_09_f000111.wav,facebook/mms-tts-hun,1
./fake/de/facebook_mms-tts-deu/weihnachtsabend_02_f000180.wav,facebook/mms-tts-deu,0
./fake/de/facebook_mms-tts-deu/undine_17_f000026.wav,facebook/mms-tts-deu,0
./fake/hu/facebook_mms-tts-hun/poisoned_pen_05_f000172.wav,facebook/mms-tts-hun,1
./fake/hu/facebook_mms-tts-hun/ozma_of_oz_19_f000030.wav,facebook/mms-tts-hun,1
./fake/hu/facebook_mms-tts-hun/emerald_city_of_oz_12_f000036.wav,facebook/mms-tts-hun,1
./fake/hu/facebook_mms-tts-hun/emerald_city_of_oz_22_f000083.wav,facebook/mms-tts-hun,1
./fake/de/facebook_mms-tts-deu/werde_die_du_bist_05_f000002.wav,facebook/mms-tts-deu,0
./fake/de/facebook_mms-tts-deu/ferien_vom_ich_012_f000016.wav,facebook/mms-tts-deu,0
./fake/hu/facebook_mms-tts-hun/the_sea_fairies_05_f000007.wav,facebook/mms-tts-hun,1
./fake/de/facebook_mms-tts-deu/toten_seelen_33_f000039.wav,facebook/mms-tts-deu,0
./fake/hu/facebook_mms-tts-hun/wives_and_daughters_08_f000036.wav,facebook/mms-tts-hun,1
./fake/hu/facebook_mms-tts-hun/silent_bullet_10_f000192.wav,facebook/mms-tts-hun,1
./fake/hu/facebook_mms-tts-hun/midnight_passenger_08_f000223.wav,facebook/mms-tts-hun,1
./fake/hu/facebook_mms-tts-hun/jane_eyre_37_f000083.wav,facebook/mms-tts-hun,1
./fake/hu/facebook_mms-tts-hun/wives_and_daughters_35_f000255.wav,facebook/mms-tts-hun,1
./fake/hu/facebook_mms-tts-hun/midnight_passenger_13_f000056.wav,facebook/mms-tts-hun,1
./fake/de/facebook_mms-tts-deu/erzaehlungen_03_poe_f000110.wav,facebook/mms-tts-deu,0
./fake/hu/facebook_mms-tts-hun/rinkitink_baum_01_64kb_f000040.wav,facebook/mms-tts-hun,1
./fake/de/facebook_mms-tts-deu/herrnarnesschatz_03_f000018.wav,facebook/mms-tts-deu,0
./fake/hu/facebook_mms-tts-hun/midnight_passenger_08_f000249.wav,facebook/mms-tts-hun,1
./fake/hu/facebook_mms-tts-hun/wives_and_daughters_18_f000163.wav,facebook/mms-tts-hun,1
./fake/de/facebook_mms-tts-deu/alter_afrikaner_27_f000210.wav,facebook/mms-tts-deu,0
./fake/de/facebook_mms-tts-deu/frankenstein_04_f000048.wav,facebook/mms-tts-deu,0
./fake/hu/facebook_mms-tts-hun/wives_and_daughters_44_f000155.wav,facebook/mms-tts-hun,1
./fake/de/facebook_mms-tts-deu/menschenhasser_06_f000004.wav,facebook/mms-tts-deu,0
./fake/hu/facebook_mms-tts-hun/silent_bullet_03_f000056.wav,facebook/mms-tts-hun,1
./fake/de/facebook_mms-tts-deu/alter_afrikaner_12_f000254.wav,facebook/mms-tts-deu,0
./fake/de/facebook_mms-tts-deu/zweiplaneten_12_lasswitz_f000330.wav,facebook/mms-tts-deu,0
./fake/de/facebook_mms-tts-deu/tschun_11_f000093.wav,facebook/mms-tts-deu,0
./fake/hu/facebook_mms-tts-hun/the_master_key_04_f000119.wav,facebook/mms-tts-hun,1
./fake/hu/facebook_mms-tts-hun/pink_fairy_book_31_f000068.wav,facebook/mms-tts-hun,1
./fake/hu/facebook_mms-tts-hun/skyisland_01_baum_64kb_f000059.wav,facebook/mms-tts-hun,1
./fake/de/facebook_mms-tts-deu/das_letzte_marchen_003_f000337.wav,facebook/mms-tts-deu,0
./fake/de/facebook_mms-tts-deu/Kanzlerin_30_12_f000019.wav,facebook/mms-tts-deu,0
./fake/hu/facebook_mms-tts-hun/pink_fairy_book_40_f000022.wav,facebook/mms-tts-hun,1
./fake/de/facebook_mms-tts-deu/erzaehlungen_29_poe_f000268.wav,facebook/mms-tts-deu,0
./fake/de/facebook_mms-tts-deu/mein_weg_als_deutscher_und_jude_004_f000009.wav,facebook/mms-tts-deu,0
./fake/de/facebook_mms-tts-deu/das_letzte_marchen_006_f000244.wav,facebook/mms-tts-deu,0
./fake/hu/facebook_mms-tts-hun/dorothy_and_wizard_oz_16_f000091.wav,facebook/mms-tts-hun,1
./fake/hu/facebook_mms-tts-hun/poisoned_pen_04_f000197.wav,facebook/mms-tts-hun,1
./fake/hu/facebook_mms-tts-hun/piratesofersatz_06_leinster_64kb_f000062.wav,facebook/mms-tts-hun,1
./fake/hu/facebook_mms-tts-hun/wives_and_daughters_06_f000002.wav,facebook/mms-tts-hun,1
./fake/de/facebook_mms-tts-deu/zweiplaneten_52_lasswitz_f000016.wav,facebook/mms-tts-deu,0
./fake/hu/facebook_mms-tts-hun/northandsouth_37_f000155.wav,facebook/mms-tts-hun,1
./fake/hu/facebook_mms-tts-hun/midnight_passenger_08_f000058.wav,facebook/mms-tts-hun,1
./fake/de/facebook_mms-tts-deu/alter_afrikaner_11_f000088.wav,facebook/mms-tts-deu,0
./fake/hu/facebook_mms-tts-hun/piratesofersatz_03_leinster_64kb_f000197.wav,facebook/mms-tts-hun,1
./fake/de/facebook_mms-tts-deu/tschun_10_f000039.wav,facebook/mms-tts-deu,0
./fake/de/facebook_mms-tts-deu/erzaehlungen_27_poe_f000347.wav,facebook/mms-tts-deu,0
./fake/de/facebook_mms-tts-deu/odysseus_07_f000121.wav,facebook/mms-tts-deu,0
./fake/hu/facebook_mms-tts-hun/northandsouth_15_f000191.wav,facebook/mms-tts-hun,1
./fake/de/facebook_mms-tts-deu/werde_die_du_bist_04_f000057.wav,facebook/mms-tts-deu,0
./fake/de/facebook_mms-tts-deu/tom_sawyer_16_f000205.wav,facebook/mms-tts-deu,0
./fake/hu/facebook_mms-tts-hun/poisoned_pen_02_f000185.wav,facebook/mms-tts-hun,1
./fake/de/facebook_mms-tts-deu/erzaehlungen_08_poe_f000027.wav,facebook/mms-tts-deu,0
./fake/hu/facebook_mms-tts-hun/poisoned_pen_06_f000156.wav,facebook/mms-tts-hun,1
./fake/de/facebook_mms-tts-deu/undine_18_f000025.wav,facebook/mms-tts-deu,0
./fake/hu/facebook_mms-tts-hun/the_sea_fairies_21_f000078.wav,facebook/mms-tts-hun,1
./fake/hu/facebook_mms-tts-hun/the_sea_fairies_09_f000070.wav,facebook/mms-tts-hun,1
./fake/de/facebook_mms-tts-deu/alter_afrikaner_03_f000035.wav,facebook/mms-tts-deu,0
./fake/de/facebook_mms-tts-deu/frankenstein_08_f000083.wav,facebook/mms-tts-deu,0
./fake/hu/facebook_mms-tts-hun/northandsouth_02_f000148.wav,facebook/mms-tts-hun,1
./fake/de/facebook_mms-tts-deu/zweiplaneten_22_lasswitz_f000113.wav,facebook/mms-tts-deu,0
./fake/hu/facebook_mms-tts-hun/midnight_passenger_07_f000132.wav,facebook/mms-tts-hun,1
./fake/hu/facebook_mms-tts-hun/northandsouth_03_f000099.wav,facebook/mms-tts-hun,1
./fake/hu/facebook_mms-tts-hun/jane_eyre_15_f000227.wav,facebook/mms-tts-hun,1
./fake/de/facebook_mms-tts-deu/tschun_12_f000020.wav,facebook/mms-tts-deu,0
./fake/hu/facebook_mms-tts-hun/wives_and_daughters_53_f000093.wav,facebook/mms-tts-hun,1
./fake/hu/facebook_mms-tts-hun/jane_eyre_21_f000105.wav,facebook/mms-tts-hun,1
./fake/hu/facebook_mms-tts-hun/wives_and_daughters_11_f000214.wav,facebook/mms-tts-hun,1
./fake/de/facebook_mms-tts-deu/maerchen_006_f000129.wav,facebook/mms-tts-deu,0
./fake/de/facebook_mms-tts-deu/kleinzaches_03_f000117.wav,facebook/mms-tts-deu,0
./fake/de/facebook_mms-tts-deu/das_letzte_marchen_009_f000142.wav,facebook/mms-tts-deu,0
./fake/de/facebook_mms-tts-deu/das_letzte_marchen_011_f000186.wav,facebook/mms-tts-deu,0
./fake/de/facebook_mms-tts-deu/toten_seelen_09_f000059.wav,facebook/mms-tts-deu,0
./fake/hu/facebook_mms-tts-hun/pink_fairy_book_29_f000003.wav,facebook/mms-tts-hun,1
./fake/de/facebook_mms-tts-deu/caspar_hauser_14_f000006.wav,facebook/mms-tts-deu,0
./fake/hu/facebook_mms-tts-hun/northandsouth_30_f000013.wav,facebook/mms-tts-hun,1
./fake/hu/facebook_mms-tts-hun/jane_eyre_15_f000036.wav,facebook/mms-tts-hun,1
./fake/de/facebook_mms-tts-deu/Kanzlerin_28_15_f000031.wav,facebook/mms-tts-deu,0
./fake/de/facebook_mms-tts-deu/ferien_vom_ich_004_f000160.wav,facebook/mms-tts-deu,0
./fake/hu/facebook_mms-tts-hun/piratesofersatz_06_leinster_64kb_f000167.wav,facebook/mms-tts-hun,1
./fake/de/facebook_mms-tts-deu/zweiplaneten_06_lasswitz_f000008.wav,facebook/mms-tts-deu,0
./fake/hu/facebook_mms-tts-hun/silent_bullet_09_f000195.wav,facebook/mms-tts-hun,1
./fake/de/facebook_mms-tts-deu/caspar_hauser_04_f000118.wav,facebook/mms-tts-deu,0
./fake/de/facebook_mms-tts-deu/kleine_lord_09_f000113.wav,facebook/mms-tts-deu,0
./fake/hu/facebook_mms-tts-hun/ozma_of_oz_17_f000017.wav,facebook/mms-tts-hun,1
./fake/hu/facebook_mms-tts-hun/emerald_city_of_oz_28_f000015.wav,facebook/mms-tts-hun,1
./fake/de/facebook_mms-tts-deu/tom_sawyer_15_f000008.wav,facebook/mms-tts-deu,0
./fake/de/facebook_mms-tts-deu/erzaehlungen_21_poe_f000136.wav,facebook/mms-tts-deu,0
./fake/hu/facebook_mms-tts-hun/pink_fairy_book_14_f000014.wav,facebook/mms-tts-hun,1
./fake/hu/facebook_mms-tts-hun/wives_and_daughters_08_f000029.wav,facebook/mms-tts-hun,1
./fake/de/facebook_mms-tts-deu/mein_weg_als_deutscher_und_jude_005_f000214.wav,facebook/mms-tts-deu,0
./fake/de/facebook_mms-tts-deu/caspar_hauser_07_f000175.wav,facebook/mms-tts-deu,0
./fake/hu/facebook_mms-tts-hun/wives_and_daughters_19_f000221.wav,facebook/mms-tts-hun,1
./fake/hu/facebook_mms-tts-hun/silent_bullet_06_f000087.wav,facebook/mms-tts-hun,1
./fake/de/facebook_mms-tts-deu/toten_seelen_25_f000155.wav,facebook/mms-tts-deu,0
./fake/hu/facebook_mms-tts-hun/wives_and_daughters_60_f000117.wav,facebook/mms-tts-hun,1
./fake/hu/facebook_mms-tts-hun/northandsouth_15_f000298.wav,facebook/mms-tts-hun,1
./fake/de/facebook_mms-tts-deu/altehaus_009_1_f000088.wav,facebook/mms-tts-deu,0
./fake/de/facebook_mms-tts-deu/Kanzlerin_14_16_f000036.wav,facebook/mms-tts-deu,0
./fake/de/facebook_mms-tts-deu/tom_sawyer_15_f000132.wav,facebook/mms-tts-deu,0
./fake/hu/facebook_mms-tts-hun/midnight_passenger_07_f000056.wav,facebook/mms-tts-hun,1
./fake/hu/facebook_mms-tts-hun/jane_eyre_21_f000169.wav,facebook/mms-tts-hun,1
./fake/de/facebook_mms-tts-deu/menschenhasser_11_f000157.wav,facebook/mms-tts-deu,0
./fake/de/facebook_mms-tts-deu/Die_Kanzlerin_direkt_23_07_f000015.wav,facebook/mms-tts-deu,0
./fake/de/facebook_mms-tts-deu/frankenstein_15_f000105.wav,facebook/mms-tts-deu,0
./fake/de/facebook_mms-tts-deu/caspar_hauser_22_f000199.wav,facebook/mms-tts-deu,0
./fake/de/facebook_mms-tts-deu/das_letzte_marchen_003_f000331.wav,facebook/mms-tts-deu,0
./fake/de/facebook_mms-tts-deu/zweiplaneten_29_lasswitz_f000033.wav,facebook/mms-tts-deu,0
./fake/de/facebook_mms-tts-deu/erzaehlungen_01_poe_f000077.wav,facebook/mms-tts-deu,0
./fake/hu/facebook_mms-tts-hun/the_sea_fairies_07_f000165.wav,facebook/mms-tts-hun,1
./fake/de/facebook_mms-tts-deu/20081231_neujahrsansprache_f000040.wav,facebook/mms-tts-deu,0
./fake/de/facebook_mms-tts-deu/menschenhasser_04_f000105.wav,facebook/mms-tts-deu,0
./fake/hu/facebook_mms-tts-hun/wives_and_daughters_54_f000233.wav,facebook/mms-tts-hun,1
./fake/hu/facebook_mms-tts-hun/piratesofersatz_06_leinster_64kb_f000187.wav,facebook/mms-tts-hun,1
./fake/de/facebook_mms-tts-deu/tschun_11_f000154.wav,facebook/mms-tts-deu,0
./fake/hu/facebook_mms-tts-hun/ozma_of_oz_02_f000029.wav,facebook/mms-tts-hun,1
./fake/hu/facebook_mms-tts-hun/wives_and_daughters_35_f000002.wav,facebook/mms-tts-hun,1
./fake/de/facebook_mms-tts-deu/caspar_hauser_24_f000015.wav,facebook/mms-tts-deu,0
./fake/de/facebook_mms-tts-deu/frankenstein_03_f000087.wav,facebook/mms-tts-deu,0
./fake/de/facebook_mms-tts-deu/odysseus_17_f000009.wav,facebook/mms-tts-deu,0
./fake/hu/facebook_mms-tts-hun/the_master_key_09_f000010.wav,facebook/mms-tts-hun,1
./fake/hu/facebook_mms-tts-hun/jane_eyre_12_f000141.wav,facebook/mms-tts-hun,1
./fake/de/facebook_mms-tts-deu/untermbirnbaum_09_f000048.wav,facebook/mms-tts-deu,0
./fake/de/facebook_mms-tts-deu/toten_seelen_14_f000145.wav,facebook/mms-tts-deu,0
./fake/hu/facebook_mms-tts-hun/silent_bullet_04_f000161.wav,facebook/mms-tts-hun,1
./fake/hu/facebook_mms-tts-hun/midnight_passenger_03_f000317.wav,facebook/mms-tts-hun,1
./fake/de/facebook_mms-tts-deu/menschenhasser_14_f000029.wav,facebook/mms-tts-deu,0
./fake/de/facebook_mms-tts-deu/toten_seelen_15_f000150.wav,facebook/mms-tts-deu,0
./fake/de/facebook_mms-tts-deu/toten_seelen_19_f000124.wav,facebook/mms-tts-deu,0
./fake/hu/facebook_mms-tts-hun/the_sea_fairies_20_f000083.wav,facebook/mms-tts-hun,1
./fake/hu/facebook_mms-tts-hun/piratesofersatz_02_leinster_64kb_f000183.wav,facebook/mms-tts-hun,1
./fake/de/facebook_mms-tts-deu/kleine_lord_10_f000137.wav,facebook/mms-tts-deu,0
./fake/de/facebook_mms-tts-deu/erzaehlungen_21_poe_f000249.wav,facebook/mms-tts-deu,0
./fake/hu/facebook_mms-tts-hun/jane_eyre_37_f000019.wav,facebook/mms-tts-hun,1
./fake/hu/facebook_mms-tts-hun/jane_eyre_27_f000164.wav,facebook/mms-tts-hun,1
./fake/de/facebook_mms-tts-deu/tschun_10_f000022.wav,facebook/mms-tts-deu,0
./fake/de/facebook_mms-tts-deu/caspar_hauser_25_f000144.wav,facebook/mms-tts-deu,0
./fake/hu/facebook_mms-tts-hun/northandsouth_25_f000082.wav,facebook/mms-tts-hun,1
./fake/hu/facebook_mms-tts-hun/silent_bullet_02_f000028.wav,facebook/mms-tts-hun,1
./fake/de/facebook_mms-tts-deu/alter_afrikaner_05_f000235.wav,facebook/mms-tts-deu,0
./fake/hu/facebook_mms-tts-hun/jane_eyre_20_f000222.wav,facebook/mms-tts-hun,1
./fake/de/facebook_mms-tts-deu/toten_seelen_34_f000067.wav,facebook/mms-tts-deu,0
./fake/hu/facebook_mms-tts-hun/the_master_key_13_f000077.wav,facebook/mms-tts-hun,1
./fake/de/facebook_mms-tts-deu/toten_seelen_04_f000015.wav,facebook/mms-tts-deu,0
./fake/hu/facebook_mms-tts-hun/jane_eyre_30_f000016.wav,facebook/mms-tts-hun,1
./fake/de/facebook_mms-tts-deu/caspar_hauser_28_f000071.wav,facebook/mms-tts-deu,0
./fake/hu/facebook_mms-tts-hun/skyisland_07_baum_64kb_f000061.wav,facebook/mms-tts-hun,1
./fake/hu/facebook_mms-tts-hun/pink_fairy_book_29_f000008.wav,facebook/mms-tts-hun,1
./fake/de/facebook_mms-tts-deu/weihnachtsabend_01_f000070.wav,facebook/mms-tts-deu,0
./fake/de/facebook_mms-tts-deu/caspar_hauser_12_f000078.wav,facebook/mms-tts-deu,0
./fake/de/facebook_mms-tts-deu/zweiplaneten_41_lasswitz_f000216.wav,facebook/mms-tts-deu,0
./fake/hu/facebook_mms-tts-hun/pink_fairy_book_16_f000017.wav,facebook/mms-tts-hun,1
./fake/de/facebook_mms-tts-deu/tom_sawyer_17_f000137.wav,facebook/mms-tts-deu,0
./fake/hu/facebook_mms-tts-hun/northandsouth_38_f000099.wav,facebook/mms-tts-hun,1
./fake/hu/facebook_mms-tts-hun/rinkitink_baum_07_64kb_f000027.wav,facebook/mms-tts-hun,1
./fake/de/facebook_mms-tts-deu/erzaehlungen_36_poe_f000130.wav,facebook/mms-tts-deu,0
./fake/de/facebook_mms-tts-deu/zweiplaneten_55_lasswitz_f000193.wav,facebook/mms-tts-deu,0
./fake/de/facebook_mms-tts-deu/zweiplaneten_19_lasswitz_f000028.wav,facebook/mms-tts-deu,0
./fake/de/facebook_mms-tts-deu/zweiplaneten_33_lasswitz_f000196.wav,facebook/mms-tts-deu,0
./fake/de/facebook_mms-tts-deu/Kanzlerin_02_12_f000008.wav,facebook/mms-tts-deu,0
./fake/hu/facebook_mms-tts-hun/wives_and_daughters_23_f000179.wav,facebook/mms-tts-hun,1
./fake/hu/facebook_mms-tts-hun/northandsouth_41_f000046.wav,facebook/mms-tts-hun,1
./fake/de/facebook_mms-tts-deu/sterben_03_f000092.wav,facebook/mms-tts-deu,0
./fake/de/facebook_mms-tts-deu/grune_gesicht_02_f000086.wav,facebook/mms-tts-deu,0
./fake/de/facebook_mms-tts-deu/alter_afrikaner_16_f000035.wav,facebook/mms-tts-deu,0
./fake/de/facebook_mms-tts-deu/zweiplaneten_50_lasswitz_f000187.wav,facebook/mms-tts-deu,0
./fake/de/facebook_mms-tts-deu/spiegel_kaetzchen_04_f000037.wav,facebook/mms-tts-deu,0
./fake/de/facebook_mms-tts-deu/erzaehlungen_25_poe_f000262.wav,facebook/mms-tts-deu,0
./fake/hu/facebook_mms-tts-hun/silent_bullet_11_f000102.wav,facebook/mms-tts-hun,1
./fake/de/facebook_mms-tts-deu/untermbirnbaum_09_f000099.wav,facebook/mms-tts-deu,0
./fake/de/facebook_mms-tts-deu/Kanzlerin_31_15_f000009.wav,facebook/mms-tts-deu,0
./fake/de/facebook_mms-tts-deu/grune_gesicht_10_f000241.wav,facebook/mms-tts-deu,0
./fake/hu/facebook_mms-tts-hun/dorothy_and_wizard_oz_02_f000064.wav,facebook/mms-tts-hun,1
./fake/de/facebook_mms-tts-deu/tom_sawyer_17_f000054.wav,facebook/mms-tts-deu,0
./fake/hu/facebook_mms-tts-hun/northandsouth_04_f000209.wav,facebook/mms-tts-hun,1
./fake/hu/facebook_mms-tts-hun/jane_eyre_13_f000037.wav,facebook/mms-tts-hun,1
./fake/hu/facebook_mms-tts-hun/wives_and_daughters_57_f000009.wav,facebook/mms-tts-hun,1
./fake/hu/facebook_mms-tts-hun/jane_eyre_16_f000157.wav,facebook/mms-tts-hun,1
./fake/hu/facebook_mms-tts-hun/jane_eyre_25_f000100.wav,facebook/mms-tts-hun,1
./fake/de/facebook_mms-tts-deu/zweiplaneten_42_lasswitz_f000077.wav,facebook/mms-tts-deu,0
./fake/hu/facebook_mms-tts-hun/wives_and_daughters_19_f000215.wav,facebook/mms-tts-hun,1
./fake/hu/facebook_mms-tts-hun/jane_eyre_33_f000061.wav,facebook/mms-tts-hun,1
./fake/de/facebook_mms-tts-deu/sterben_03_f000109.wav,facebook/mms-tts-deu,0
./fake/hu/facebook_mms-tts-hun/northandsouth_40_f000149.wav,facebook/mms-tts-hun,1
./fake/de/facebook_mms-tts-deu/tschun_03_f000084.wav,facebook/mms-tts-deu,0
./fake/hu/facebook_mms-tts-hun/jane_eyre_03_f000093.wav,facebook/mms-tts-hun,1
./fake/hu/facebook_mms-tts-hun/pink_fairy_book_12_f000077.wav,facebook/mms-tts-hun,1
./fake/de/facebook_mms-tts-deu/Kanzlerin_24_15_f000032.wav,facebook/mms-tts-deu,0
./fake/hu/facebook_mms-tts-hun/pink_fairy_book_28_f000059.wav,facebook/mms-tts-hun,1
./fake/hu/facebook_mms-tts-hun/piratesofersatz_02_leinster_64kb_f000173.wav,facebook/mms-tts-hun,1
./fake/hu/facebook_mms-tts-hun/northandsouth_20_f000043.wav,facebook/mms-tts-hun,1
./fake/de/facebook_mms-tts-deu/maedchenvommoorhof_1_f000018.wav,facebook/mms-tts-deu,0
./fake/hu/facebook_mms-tts-hun/poisoned_pen_12_f000142.wav,facebook/mms-tts-hun,1
./fake/de/facebook_mms-tts-deu/ferien_vom_ich_012_f000096.wav,facebook/mms-tts-deu,0
./fake/de/facebook_mms-tts-deu/toten_seelen_26_f000017.wav,facebook/mms-tts-deu,0
./fake/de/facebook_mms-tts-deu/Kanzlerin_06_14_f000038.wav,facebook/mms-tts-deu,0
./fake/hu/facebook_mms-tts-hun/jane_eyre_11_f000044.wav,facebook/mms-tts-hun,1
./fake/de/facebook_mms-tts-deu/erzaehlungen_28_poe_f000123.wav,facebook/mms-tts-deu,0
./fake/de/facebook_mms-tts-deu/caspar_hauser_29_f000152.wav,facebook/mms-tts-deu,0
./fake/hu/facebook_mms-tts-hun/wives_and_daughters_21_f000129.wav,facebook/mms-tts-hun,1
./fake/de/facebook_mms-tts-deu/grune_gesicht_05_f000045.wav,facebook/mms-tts-deu,0
./fake/de/facebook_mms-tts-deu/toten_seelen_11_f000097.wav,facebook/mms-tts-deu,0
./fake/hu/facebook_mms-tts-hun/northandsouth_08_f000078.wav,facebook/mms-tts-hun,1
./fake/de/facebook_mms-tts-deu/caspar_hauser_23_f000140.wav,facebook/mms-tts-deu,0
./fake/de/facebook_mms-tts-deu/zweiplaneten_29_lasswitz_f000267.wav,facebook/mms-tts-deu,0
./fake/hu/facebook_mms-tts-hun/the_sea_fairies_08_f000022.wav,facebook/mms-tts-hun,1
./fake/hu/facebook_mms-tts-hun/jane_eyre_33_f000233.wav,facebook/mms-tts-hun,1
./fake/hu/facebook_mms-tts-hun/silent_bullet_06_f000274.wav,facebook/mms-tts-hun,1
./fake/hu/facebook_mms-tts-hun/silent_bullet_10_f000171.wav,facebook/mms-tts-hun,1
./fake/hu/facebook_mms-tts-hun/jane_eyre_14_f000010.wav,facebook/mms-tts-hun,1
./fake/hu/facebook_mms-tts-hun/jane_eyre_09_f000027.wav,facebook/mms-tts-hun,1
./fake/hu/facebook_mms-tts-hun/jane_eyre_38_f000017.wav,facebook/mms-tts-hun,1
./fake/hu/facebook_mms-tts-hun/piratesofersatz_10_leinster_64kb_f000153.wav,facebook/mms-tts-hun,1
./fake/hu/facebook_mms-tts-hun/wives_and_daughters_38_f000001.wav,facebook/mms-tts-hun,1
./fake/de/facebook_mms-tts-deu/erzaehlungen_09_poe_f000089.wav,facebook/mms-tts-deu,0
./fake/de/facebook_mms-tts-deu/alter_afrikaner_24_f000173.wav,facebook/mms-tts-deu,0
./fake/de/facebook_mms-tts-deu/Die_Kanzlerin_direkt_26_07_f000009.wav,facebook/mms-tts-deu,0
./fake/hu/facebook_mms-tts-hun/piratesofersatz_07_leinster_64kb_f000062.wav,facebook/mms-tts-hun,1
./fake/hu/facebook_mms-tts-hun/northandsouth_35_f000179.wav,facebook/mms-tts-hun,1
./fake/hu/facebook_mms-tts-hun/piratesofersatz_01_leinster_64kb_f000196.wav,facebook/mms-tts-hun,1
./fake/de/facebook_mms-tts-deu/erzaehlungen_30_poe_f000395.wav,facebook/mms-tts-deu,0
./fake/hu/facebook_mms-tts-hun/the_sea_fairies_20_f000099.wav,facebook/mms-tts-hun,1
./fake/de/facebook_mms-tts-deu/Kanzlerin_26_14_f000016.wav,facebook/mms-tts-deu,0
./fake/de/facebook_mms-tts-deu/zweiplaneten_03_lasswitz_f000083.wav,facebook/mms-tts-deu,0
./fake/hu/facebook_mms-tts-hun/pink_fairy_book_36_f000086.wav,facebook/mms-tts-hun,1
./fake/de/facebook_mms-tts-deu/odysseus_18_f000030.wav,facebook/mms-tts-deu,0
./fake/hu/facebook_mms-tts-hun/poisoned_pen_05_f000166.wav,facebook/mms-tts-hun,1
./fake/hu/facebook_mms-tts-hun/northandsouth_46_f000025.wav,facebook/mms-tts-hun,1
./fake/hu/facebook_mms-tts-hun/the_master_key_14_f000063.wav,facebook/mms-tts-hun,1
./fake/de/facebook_mms-tts-deu/kleine_lord_04_f000036.wav,facebook/mms-tts-deu,0
./fake/de/facebook_mms-tts-deu/kleinzaches_07_f000026.wav,facebook/mms-tts-deu,0
./fake/hu/facebook_mms-tts-hun/the_master_key_06_f000060.wav,facebook/mms-tts-hun,1
./fake/de/facebook_mms-tts-deu/Kanzlerin_26_16_f000005.wav,facebook/mms-tts-deu,0
./fake/hu/facebook_mms-tts-hun/jane_eyre_14_f000176.wav,facebook/mms-tts-hun,1
./fake/de/facebook_mms-tts-deu/mein_weg_als_deutscher_und_jude_007_f000152.wav,facebook/mms-tts-deu,0
./fake/de/facebook_mms-tts-deu/caspar_hauser_21_f000055.wav,facebook/mms-tts-deu,0
./fake/hu/facebook_mms-tts-hun/pink_fairy_book_39_f000044.wav,facebook/mms-tts-hun,1
./fake/hu/facebook_mms-tts-hun/rinkitink_baum_01_64kb_f000068.wav,facebook/mms-tts-hun,1
./fake/hu/facebook_mms-tts-hun/the_master_key_05_f000009.wav,facebook/mms-tts-hun,1
./fake/hu/facebook_mms-tts-hun/hunters_space_05_f000067.wav,facebook/mms-tts-hun,1
./fake/hu/facebook_mms-tts-hun/wives_and_daughters_14_f000043.wav,facebook/mms-tts-hun,1
./fake/de/facebook_mms-tts-deu/toten_seelen_13_f000069.wav,facebook/mms-tts-deu,0
./fake/hu/facebook_mms-tts-hun/wives_and_daughters_48_f000120.wav,facebook/mms-tts-hun,1
./fake/de/facebook_mms-tts-deu/caspar_hauser_14_f000053.wav,facebook/mms-tts-deu,0
./fake/de/facebook_mms-tts-deu/tom_sawyer_13_f000158.wav,facebook/mms-tts-deu,0
./fake/hu/facebook_mms-tts-hun/skyisland_10_baum_64kb_f000048.wav,facebook/mms-tts-hun,1
./fake/hu/facebook_mms-tts-hun/jane_eyre_22_f000096.wav,facebook/mms-tts-hun,1
./fake/de/facebook_mms-tts-deu/weihnachtsabend_08_f000050.wav,facebook/mms-tts-deu,0
./fake/hu/facebook_mms-tts-hun/piratesofersatz_11_leinster_64kb_f000004.wav,facebook/mms-tts-hun,1
./fake/de/facebook_mms-tts-deu/kleine_lord_02_f000282.wav,facebook/mms-tts-deu,0
./fake/hu/facebook_mms-tts-hun/pink_fairy_book_32_f000180.wav,facebook/mms-tts-hun,1
./fake/de/facebook_mms-tts-deu/erzaehlungen_22_poe_f000059.wav,facebook/mms-tts-deu,0
./fake/de/facebook_mms-tts-deu/tschun_18_f000010.wav,facebook/mms-tts-deu,0
./fake/hu/facebook_mms-tts-hun/the_master_key_12_f000057.wav,facebook/mms-tts-hun,1
./fake/hu/facebook_mms-tts-hun/northandsouth_01_f000101.wav,facebook/mms-tts-hun,1
./fake/hu/facebook_mms-tts-hun/wives_and_daughters_31_f000056.wav,facebook/mms-tts-hun,1
./fake/hu/facebook_mms-tts-hun/northandsouth_15_f000188.wav,facebook/mms-tts-hun,1
./fake/de/facebook_mms-tts-deu/untermbirnbaum_12_f000057.wav,facebook/mms-tts-deu,0
./fake/hu/facebook_mms-tts-hun/silent_bullet_04_f000232.wav,facebook/mms-tts-hun,1
./fake/hu/facebook_mms-tts-hun/piratesofersatz_07_leinster_64kb_f000024.wav,facebook/mms-tts-hun,1
./fake/de/facebook_mms-tts-deu/mein_weg_als_deutscher_und_jude_002_f000081.wav,facebook/mms-tts-deu,0
./fake/de/facebook_mms-tts-deu/Kanzlerin_33_13_f000033.wav,facebook/mms-tts-deu,0
./fake/de/facebook_mms-tts-deu/zweiplaneten_50_lasswitz_f000135.wav,facebook/mms-tts-deu,0
./fake/hu/facebook_mms-tts-hun/jane_eyre_24_f000107.wav,facebook/mms-tts-hun,1
./fake/de/facebook_mms-tts-deu/zweiplaneten_34_lasswitz_f000016.wav,facebook/mms-tts-deu,0
./fake/hu/facebook_mms-tts-hun/ozma_of_oz_05_f000018.wav,facebook/mms-tts-hun,1
./fake/hu/facebook_mms-tts-hun/rinkitink_baum_24_64kb_f000027.wav,facebook/mms-tts-hun,1
./fake/de/facebook_mms-tts-deu/ferien_vom_ich_010_f000219.wav,facebook/mms-tts-deu,0
./fake/hu/facebook_mms-tts-hun/the_sea_fairies_22_f000058.wav,facebook/mms-tts-hun,1
./fake/hu/facebook_mms-tts-hun/northandsouth_28_f000074.wav,facebook/mms-tts-hun,1
./fake/de/facebook_mms-tts-deu/Kanzlerin_05_12_f000024.wav,facebook/mms-tts-deu,0
./fake/de/facebook_mms-tts-deu/untermbirnbaum_14_f000090.wav,facebook/mms-tts-deu,0
./fake/hu/facebook_mms-tts-hun/wives_and_daughters_12_f000042.wav,facebook/mms-tts-hun,1
./fake/hu/facebook_mms-tts-hun/silent_bullet_12_f000047.wav,facebook/mms-tts-hun,1
./fake/hu/facebook_mms-tts-hun/silent_bullet_07_f000251.wav,facebook/mms-tts-hun,1
./fake/hu/facebook_mms-tts-hun/jane_eyre_36_f000129.wav,facebook/mms-tts-hun,1
./fake/de/facebook_mms-tts-deu/Kanzlerin_32_17_f000019.wav,facebook/mms-tts-deu,0
./fake/de/facebook_mms-tts-deu/weihnachtsabend_06_f000141.wav,facebook/mms-tts-deu,0
./fake/hu/facebook_mms-tts-hun/jane_eyre_37_f000183.wav,facebook/mms-tts-hun,1
./fake/de/facebook_mms-tts-deu/grune_gesicht_04_f000192.wav,facebook/mms-tts-deu,0
./fake/hu/facebook_mms-tts-hun/midnight_passenger_13_f000272.wav,facebook/mms-tts-hun,1
./fake/de/facebook_mms-tts-deu/grune_haus_06_f000057.wav,facebook/mms-tts-deu,0
./fake/de/facebook_mms-tts-deu/grune_haus_16_f000072.wav,facebook/mms-tts-deu,0
./fake/de/facebook_mms-tts-deu/weihnachtsabend_03_f000140.wav,facebook/mms-tts-deu,0
./fake/hu/facebook_mms-tts-hun/dorothy_and_wizard_oz_11_f000038.wav,facebook/mms-tts-hun,1
./fake/hu/facebook_mms-tts-hun/the_sea_fairies_17_f000085.wav,facebook/mms-tts-hun,1
./fake/de/facebook_mms-tts-deu/kammmacher_3_f000030.wav,facebook/mms-tts-deu,0
./fake/hu/facebook_mms-tts-hun/dorothy_and_wizard_oz_08_f000015.wav,facebook/mms-tts-hun,1
./fake/de/facebook_mms-tts-deu/erzaehlungen_16_poe_f000264.wav,facebook/mms-tts-deu,0
./fake/hu/facebook_mms-tts-hun/piratesofersatz_02_leinster_64kb_f000218.wav,facebook/mms-tts-hun,1
./fake/de/facebook_mms-tts-deu/tschun_13_f000189.wav,facebook/mms-tts-deu,0
./fake/de/facebook_mms-tts-deu/toten_seelen_12_f000053.wav,facebook/mms-tts-deu,0
./fake/hu/facebook_mms-tts-hun/midnight_passenger_14_f000056.wav,facebook/mms-tts-hun,1
./fake/de/facebook_mms-tts-deu/tschun_05_f000136.wav,facebook/mms-tts-deu,0
./fake/hu/facebook_mms-tts-hun/dorothy_and_wizard_oz_17_f000011.wav,facebook/mms-tts-hun,1
./fake/de/facebook_mms-tts-deu/ferien_vom_ich_010_f000018.wav,facebook/mms-tts-deu,0
./fake/de/facebook_mms-tts-deu/tom_sawyer_16_f000181.wav,facebook/mms-tts-deu,0
./fake/de/facebook_mms-tts-deu/toten_seelen_13_f000178.wav,facebook/mms-tts-deu,0
./fake/hu/facebook_mms-tts-hun/skyisland_03_baum_64kb_f000016.wav,facebook/mms-tts-hun,1
./fake/de/facebook_mms-tts-deu/reisenachtilsit_3_f000161.wav,facebook/mms-tts-deu,0
./fake/hu/facebook_mms-tts-hun/emerald_city_of_oz_07_f000102.wav,facebook/mms-tts-hun,1
./fake/de/facebook_mms-tts-deu/ferien_vom_ich_016_f000188.wav,facebook/mms-tts-deu,0
./fake/hu/facebook_mms-tts-hun/wives_and_daughters_08_f000104.wav,facebook/mms-tts-hun,1
./fake/de/facebook_mms-tts-deu/zweiplaneten_49_lasswitz_f000241.wav,facebook/mms-tts-deu,0
./fake/de/facebook_mms-tts-deu/tschun_11_f000173.wav,facebook/mms-tts-deu,0
./fake/de/facebook_mms-tts-deu/kleine_lord_03_f000067.wav,facebook/mms-tts-deu,0
./fake/hu/facebook_mms-tts-hun/wives_and_daughters_50_f000159.wav,facebook/mms-tts-hun,1
./fake/hu/facebook_mms-tts-hun/dorothy_and_wizard_oz_15_f000077.wav,facebook/mms-tts-hun,1
./fake/hu/facebook_mms-tts-hun/pink_fairy_book_12_f000055.wav,facebook/mms-tts-hun,1
./fake/hu/facebook_mms-tts-hun/northandsouth_38_f000030.wav,facebook/mms-tts-hun,1
./fake/hu/facebook_mms-tts-hun/jane_eyre_35_f000234.wav,facebook/mms-tts-hun,1
./fake/de/facebook_mms-tts-deu/odysseus_19_f000091.wav,facebook/mms-tts-deu,0
./fake/hu/facebook_mms-tts-hun/midnight_passenger_09_f000106.wav,facebook/mms-tts-hun,1
./fake/hu/facebook_mms-tts-hun/the_master_key_07_f000037.wav,facebook/mms-tts-hun,1
./fake/hu/facebook_mms-tts-hun/rinkitink_baum_18_64kb_f000023.wav,facebook/mms-tts-hun,1
./fake/de/facebook_mms-tts-deu/altehaus_007_2_f000127.wav,facebook/mms-tts-deu,0
./fake/de/facebook_mms-tts-deu/menschenhasser_05_f000209.wav,facebook/mms-tts-deu,0
./fake/hu/facebook_mms-tts-hun/silent_bullet_08_f000002.wav,facebook/mms-tts-hun,1
./fake/de/facebook_mms-tts-deu/Kanzlerin_16_15_f000078.wav,facebook/mms-tts-deu,0
./fake/de/facebook_mms-tts-deu/zweiplaneten_07_lasswitz_f000167.wav,facebook/mms-tts-deu,0
./fake/hu/facebook_mms-tts-hun/jane_eyre_11_f000262.wav,facebook/mms-tts-hun,1
./fake/de/facebook_mms-tts-deu/zweiplaneten_14_lasswitz_f000009.wav,facebook/mms-tts-deu,0
./fake/de/facebook_mms-tts-deu/Kanzlerin_24_14_f000040.wav,facebook/mms-tts-deu,0
./fake/hu/facebook_mms-tts-hun/jane_eyre_19_f000183.wav,facebook/mms-tts-hun,1
./fake/hu/facebook_mms-tts-hun/wives_and_daughters_06_f000187.wav,facebook/mms-tts-hun,1
./fake/hu/facebook_mms-tts-hun/wives_and_daughters_50_f000191.wav,facebook/mms-tts-hun,1
./fake/hu/facebook_mms-tts-hun/wives_and_daughters_26_f000019.wav,facebook/mms-tts-hun,1
./fake/hu/facebook_mms-tts-hun/jane_eyre_20_f000020.wav,facebook/mms-tts-hun,1
./fake/de/facebook_mms-tts-deu/kleinzaches_08_f000111.wav,facebook/mms-tts-deu,0
./fake/hu/facebook_mms-tts-hun/emerald_city_of_oz_04_f000016.wav,facebook/mms-tts-hun,1
./fake/de/facebook_mms-tts-deu/caspar_hauser_27_f000249.wav,facebook/mms-tts-deu,0
./fake/hu/facebook_mms-tts-hun/hunters_space_06_f000010.wav,facebook/mms-tts-hun,1
./fake/hu/facebook_mms-tts-hun/wives_and_daughters_35_f000152.wav,facebook/mms-tts-hun,1
./fake/de/facebook_mms-tts-deu/werde_die_du_bist_02_f000048.wav,facebook/mms-tts-deu,0
./fake/hu/facebook_mms-tts-hun/skyisland_25_baum_64kb_f000037.wav,facebook/mms-tts-hun,1
./fake/de/facebook_mms-tts-deu/das_letzte_marchen_009_f000262.wav,facebook/mms-tts-deu,0
./fake/de/facebook_mms-tts-deu/das_letzte_marchen_010_f000110.wav,facebook/mms-tts-deu,0
./fake/de/facebook_mms-tts-deu/kleinzaches_05_f000100.wav,facebook/mms-tts-deu,0
./fake/hu/facebook_mms-tts-hun/silent_bullet_02_f000272.wav,facebook/mms-tts-hun,1
./fake/de/facebook_mms-tts-deu/alter_afrikaner_25_f000088.wav,facebook/mms-tts-deu,0
./fake/de/facebook_mms-tts-deu/kleine_lord_04_f000040.wav,facebook/mms-tts-deu,0
./fake/de/facebook_mms-tts-deu/alter_afrikaner_23_f000088.wav,facebook/mms-tts-deu,0
./fake/de/facebook_mms-tts-deu/zweiplaneten_05_lasswitz_f000083.wav,facebook/mms-tts-deu,0
./fake/de/facebook_mms-tts-deu/toten_seelen_23_f000139.wav,facebook/mms-tts-deu,0
./fake/de/facebook_mms-tts-deu/Kanzlerin_38_12_f000049.wav,facebook/mms-tts-deu,0
./fake/hu/facebook_mms-tts-hun/skyisland_23_baum_64kb_f000009.wav,facebook/mms-tts-hun,1
./fake/hu/facebook_mms-tts-hun/piratesofersatz_12_leinster_64kb_f000201.wav,facebook/mms-tts-hun,1
./fake/de/facebook_mms-tts-deu/tschun_08_f000084.wav,facebook/mms-tts-deu,0
./fake/de/facebook_mms-tts-deu/tom_sawyer_06_f000279.wav,facebook/mms-tts-deu,0
./fake/hu/facebook_mms-tts-hun/wives_and_daughters_42_f000082.wav,facebook/mms-tts-hun,1
./fake/de/facebook_mms-tts-deu/zweiplaneten_29_lasswitz_f000162.wav,facebook/mms-tts-deu,0
./fake/de/facebook_mms-tts-deu/grune_haus_12_f000006.wav,facebook/mms-tts-deu,0
./fake/de/facebook_mms-tts-deu/toten_seelen_31_f000215.wav,facebook/mms-tts-deu,0
./fake/hu/facebook_mms-tts-hun/pink_fairy_book_02_f000048.wav,facebook/mms-tts-hun,1
./fake/hu/facebook_mms-tts-hun/ozma_of_oz_03_f000029.wav,facebook/mms-tts-hun,1
./fake/de/facebook_mms-tts-deu/zweiplaneten_41_lasswitz_f000211.wav,facebook/mms-tts-deu,0
./fake/de/facebook_mms-tts-deu/frankenstein_20_f000027.wav,facebook/mms-tts-deu,0
./fake/hu/facebook_mms-tts-hun/wives_and_daughters_17_f000186.wav,facebook/mms-tts-hun,1
./fake/de/facebook_mms-tts-deu/Kanzlerin_40_17_f000007.wav,facebook/mms-tts-deu,0
./fake/hu/facebook_mms-tts-hun/jane_eyre_17_f000097.wav,facebook/mms-tts-hun,1
./fake/hu/facebook_mms-tts-hun/wives_and_daughters_43_f000148.wav,facebook/mms-tts-hun,1
./fake/de/facebook_mms-tts-deu/tschun_12_f000127.wav,facebook/mms-tts-deu,0
./fake/hu/facebook_mms-tts-hun/northandsouth_02_f000088.wav,facebook/mms-tts-hun,1
./fake/de/facebook_mms-tts-deu/zweiplaneten_27_lasswitz_f000056.wav,facebook/mms-tts-deu,0
./fake/de/facebook_mms-tts-deu/alter_afrikaner_09_f000005.wav,facebook/mms-tts-deu,0
./fake/hu/facebook_mms-tts-hun/midnight_passenger_11_f000239.wav,facebook/mms-tts-hun,1
./fake/hu/facebook_mms-tts-hun/silent_bullet_03_f000085.wav,facebook/mms-tts-hun,1
./fake/de/facebook_mms-tts-deu/toten_seelen_19_f000109.wav,facebook/mms-tts-deu,0
./fake/hu/facebook_mms-tts-hun/wives_and_daughters_55_f000170.wav,facebook/mms-tts-hun,1
./fake/hu/facebook_mms-tts-hun/the_master_key_04_f000096.wav,facebook/mms-tts-hun,1
./fake/de/facebook_mms-tts-deu/toten_seelen_03_f000261.wav,facebook/mms-tts-deu,0
./fake/de/facebook_mms-tts-deu/erzaehlungen_28_poe_f000527.wav,facebook/mms-tts-deu,0
./fake/hu/facebook_mms-tts-hun/the_sea_fairies_16_f000036.wav,facebook/mms-tts-hun,1
./fake/de/facebook_mms-tts-deu/das_letzte_marchen_005_f000230.wav,facebook/mms-tts-deu,0
./fake/de/facebook_mms-tts-deu/alter_afrikaner_28_f000117.wav,facebook/mms-tts-deu,0
./fake/hu/facebook_mms-tts-hun/dorothy_and_wizard_oz_19_f000038.wav,facebook/mms-tts-hun,1
./fake/de/facebook_mms-tts-deu/caspar_hauser_05_f000039.wav,facebook/mms-tts-deu,0
./fake/de/facebook_mms-tts-deu/zweiplaneten_22_lasswitz_f000139.wav,facebook/mms-tts-deu,0
./fake/de/facebook_mms-tts-deu/Die_Kanzlerin_direkt_13_08_f000014.wav,facebook/mms-tts-deu,0
./fake/de/facebook_mms-tts-deu/sandmann_4_f000084.wav,facebook/mms-tts-deu,0
./fake/de/facebook_mms-tts-deu/ferien_vom_ich_015_f000181.wav,facebook/mms-tts-deu,0
./fake/hu/facebook_mms-tts-hun/wives_and_daughters_44_f000100.wav,facebook/mms-tts-hun,1
./fake/de/facebook_mms-tts-deu/Kanzlerin_27_12_f000005.wav,facebook/mms-tts-deu,0
./fake/de/facebook_mms-tts-deu/maerchen_001_f000129.wav,facebook/mms-tts-deu,0
./fake/hu/facebook_mms-tts-hun/skyisland_01_baum_64kb_f000062.wav,facebook/mms-tts-hun,1
./fake/de/facebook_mms-tts-deu/toten_seelen_17_f000174.wav,facebook/mms-tts-deu,0
./fake/de/facebook_mms-tts-deu/menschenhasser_05_f000097.wav,facebook/mms-tts-deu,0
./fake/hu/facebook_mms-tts-hun/the_master_key_17_f000035.wav,facebook/mms-tts-hun,1
./fake/hu/facebook_mms-tts-hun/jane_eyre_17_f000400.wav,facebook/mms-tts-hun,1
./fake/hu/facebook_mms-tts-hun/jane_eyre_36_f000162.wav,facebook/mms-tts-hun,1
./fake/de/facebook_mms-tts-deu/zweiplaneten_46_lasswitz_f000295.wav,facebook/mms-tts-deu,0
./fake/hu/facebook_mms-tts-hun/poisoned_pen_02_f000067.wav,facebook/mms-tts-hun,1
./fake/de/facebook_mms-tts-deu/Kanzlerin_11_17_f000044.wav,facebook/mms-tts-deu,0
./fake/hu/facebook_mms-tts-hun/jane_eyre_37_f000353.wav,facebook/mms-tts-hun,1
./fake/de/facebook_mms-tts-deu/das_letzte_marchen_010_f000106.wav,facebook/mms-tts-deu,0
./fake/de/facebook_mms-tts-deu/toten_seelen_35_f000120.wav,facebook/mms-tts-deu,0
./fake/hu/facebook_mms-tts-hun/emerald_city_of_oz_20_f000009.wav,facebook/mms-tts-hun,1
./fake/hu/facebook_mms-tts-hun/wives_and_daughters_34_f000045.wav,facebook/mms-tts-hun,1
./fake/hu/facebook_mms-tts-hun/dorothy_and_wizard_oz_19_f000025.wav,facebook/mms-tts-hun,1
./fake/hu/facebook_mms-tts-hun/emerald_city_of_oz_24_f000037.wav,facebook/mms-tts-hun,1
./fake/hu/facebook_mms-tts-hun/northandsouth_47_f000078.wav,facebook/mms-tts-hun,1
./fake/de/facebook_mms-tts-deu/herrnarnesschatz_10_f000075.wav,facebook/mms-tts-deu,0
./fake/de/facebook_mms-tts-deu/grune_gesicht_10_f000007.wav,facebook/mms-tts-deu,0
./fake/hu/facebook_mms-tts-hun/skyisland_10_baum_64kb_f000084.wav,facebook/mms-tts-hun,1
./fake/hu/facebook_mms-tts-hun/skyisland_25_baum_64kb_f000026.wav,facebook/mms-tts-hun,1
./fake/de/facebook_mms-tts-deu/grune_gesicht_09_f000207.wav,facebook/mms-tts-deu,0
./fake/hu/facebook_mms-tts-hun/wives_and_daughters_10_f000167.wav,facebook/mms-tts-hun,1
./fake/hu/facebook_mms-tts-hun/northandsouth_20_f000127.wav,facebook/mms-tts-hun,1
./fake/hu/facebook_mms-tts-hun/northandsouth_32_f000057.wav,facebook/mms-tts-hun,1
./fake/hu/facebook_mms-tts-hun/skyisland_15_baum_64kb_f000037.wav,facebook/mms-tts-hun,1
./fake/de/facebook_mms-tts-deu/tschun_10_f000049.wav,facebook/mms-tts-deu,0
./fake/de/facebook_mms-tts-deu/tschun_09_f000169.wav,facebook/mms-tts-deu,0
./fake/hu/facebook_mms-tts-hun/jane_eyre_33_f000010.wav,facebook/mms-tts-hun,1
./fake/de/facebook_mms-tts-deu/zweiplaneten_39_lasswitz_f000197.wav,facebook/mms-tts-deu,0
./fake/hu/facebook_mms-tts-hun/pink_fairy_book_12_f000146.wav,facebook/mms-tts-hun,1
./fake/de/facebook_mms-tts-deu/zweiplaneten_01_lasswitz_f000090.wav,facebook/mms-tts-deu,0
./fake/de/facebook_mms-tts-deu/zweiplaneten_15_lasswitz_f000060.wav,facebook/mms-tts-deu,0
./fake/hu/facebook_mms-tts-hun/wives_and_daughters_14_f000240.wav,facebook/mms-tts-hun,1
./fake/de/facebook_mms-tts-deu/menschenhasser_15_f000039.wav,facebook/mms-tts-deu,0
./fake/de/facebook_mms-tts-deu/alter_afrikaner_17_f000045.wav,facebook/mms-tts-deu,0
./fake/de/facebook_mms-tts-deu/erzaehlungen_08_poe_f000375.wav,facebook/mms-tts-deu,0
./fake/hu/facebook_mms-tts-hun/the_sea_fairies_12_f000077.wav,facebook/mms-tts-hun,1
./fake/de/facebook_mms-tts-deu/das_letzte_marchen_006_f000395.wav,facebook/mms-tts-deu,0
./fake/de/facebook_mms-tts-deu/caspar_hauser_15_f000094.wav,facebook/mms-tts-deu,0
./fake/de/facebook_mms-tts-deu/das_letzte_marchen_003_f000313.wav,facebook/mms-tts-deu,0
./fake/de/facebook_mms-tts-deu/tschun_15_f000010.wav,facebook/mms-tts-deu,0
./fake/hu/facebook_mms-tts-hun/the_sea_fairies_12_f000149.wav,facebook/mms-tts-hun,1
./fake/hu/facebook_mms-tts-hun/skyisland_26_baum_64kb_f000082.wav,facebook/mms-tts-hun,1
./fake/hu/facebook_mms-tts-hun/hunters_space_17_f000051.wav,facebook/mms-tts-hun,1
./fake/hu/facebook_mms-tts-hun/wives_and_daughters_52_f000116.wav,facebook/mms-tts-hun,1
./fake/hu/facebook_mms-tts-hun/pink_fairy_book_31_f000006.wav,facebook/mms-tts-hun,1
./fake/de/facebook_mms-tts-deu/grune_gesicht_14_f000059.wav,facebook/mms-tts-deu,0
./fake/hu/facebook_mms-tts-hun/wives_and_daughters_45_f000034.wav,facebook/mms-tts-hun,1
./fake/de/facebook_mms-tts-deu/zweiplaneten_53_lasswitz_f000152.wav,facebook/mms-tts-deu,0
./fake/hu/facebook_mms-tts-hun/hunters_space_09_f000004.wav,facebook/mms-tts-hun,1
./fake/de/facebook_mms-tts-deu/maedchenvommoorhof_6_f000174.wav,facebook/mms-tts-deu,0
